id,LC_ID,year,.geo,DEM,slope,northness,eastness,bio1,bio2,bio3,bio4,bio5,bio6,bio7,bio8,bio9,bio10,bio11,bio12,bio13,bio14,bio15,bio16,bio17,bio18,bio19,full_BLU_p5,full_BLU_p25,full_BLU_p50,full_BLU_p75,full_BLU_p95,full_BLU_stdDev,full_GRN_p5,full_GRN_p25,full_GRN_p50,full_GRN_p75,full_GRN_p95,full_GRN_stdDev,full_RED_p5,full_RED_p25,full_RED_p50,full_RED_p75,full_RED_p95,full_RED_stdDev,full_NIR_p5,full_NIR_p25,full_NIR_p50,full_NIR_p75,full_NIR_p95,full_NIR_stdDev,full_SW1_p5,full_SW1_p25,full_SW1_p50,full_SW1_p75,full_SW1_p95,full_SW1_stdDev,full_SW2_p5,full_SW2_p25,full_SW2_p50,full_SW2_p75,full_SW2_p95,full_SW2_stdDev,full_MDWI_p5,full_MDWI_p25,full_MDWI_p50,full_MDWI_p75,full_MDWI_p95,full_MDWI_stdDev,full_NBR_p5,full_NBR_p25,full_NBR_p50,full_NBR_p75,full_NBR_p95,full_NBR_stdDev,full_NDVI_p5,full_NDVI_p25,full_NDVI_p50,full_NDVI_p75,full_NDVI_p95,full_NDVI_stdDev,winter_BLU_p5,winter_BLU_p25,winter_BLU_p50,winter_BLU_p75,winter_BLU_p95,winter_BLU_stdDev,winter_GRN_p5,winter_GRN_p25,winter_GRN_p50,winter_GRN_p75,winter_GRN_p95,winter_GRN_stdDev,winter_RED_p5,winter_RED_p25,winter_RED_p50,winter_RED_p75,winter_RED_p95,winter_RED_stdDev,winter_NIR_p5,winter_NIR_p25,winter_NIR_p50,winter_NIR_p75,winter_NIR_p95,winter_NIR_stdDev,winter_SW1_p5,winter_SW1_p25,winter_SW1_p50,winter_SW1_p75,winter_SW1_p95,winter_SW1_stdDev,winter_SW2_p5,winter_SW2_p25,winter_SW2_p50,winter_SW2_p75,winter_SW2_p95,winter_SW2_stdDev,winter_MDWI_p5,winter_MDWI_p25,winter_MDWI_p50,winter_MDWI_p75,winter_MDWI_p95,winter_MDWI_stdDev,winter_NBR_p5,winter_NBR_p25,winter_NBR_p50,winter_NBR_p75,winter_NBR_p95,winter_NBR_stdDev,winter_NDVI_p5,winter_NDVI_p25,winter_NDVI_p50,winter_NDVI_p75,winter_NDVI_p95,winter_NDVI_stdDev,spring_BLU_p5,spring_BLU_p25,spring_BLU_p50,spring_BLU_p75,spring_BLU_p95,spring_BLU_stdDev,spring_GRN_p5,spring_GRN_p25,spring_GRN_p50,spring_GRN_p75,spring_GRN_p95,spring_GRN_stdDev,spring_RED_p5,spring_RED_p25,spring_RED_p50,spring_RED_p75,spring_RED_p95,spring_RED_stdDev,spring_NIR_p5,spring_NIR_p25,spring_NIR_p50,spring_NIR_p75,spring_NIR_p95,spring_NIR_stdDev,spring_SW1_p5,spring_SW1_p25,spring_SW1_p50,spring_SW1_p75,spring_SW1_p95,spring_SW1_stdDev,spring_SW2_p5,spring_SW2_p25,spring_SW2_p50,spring_SW2_p75,spring_SW2_p95,spring_SW2_stdDev,spring_MDWI_p5,spring_MDWI_p25,spring_MDWI_p50,spring_MDWI_p75,spring_MDWI_p95,spring_MDWI_stdDev,spring_NBR_p5,spring_NBR_p25,spring_NBR_p50,spring_NBR_p75,spring_NBR_p95,spring_NBR_stdDev,spring_NDVI_p5,spring_NDVI_p25,spring_NDVI_p50,spring_NDVI_p75,spring_NDVI_p95,spring_NDVI_stdDev,summer_BLU_p5,summer_BLU_p25,summer_BLU_p50,summer_BLU_p75,summer_BLU_p95,summer_BLU_stdDev,summer_GRN_p5,summer_GRN_p25,summer_GRN_p50,summer_GRN_p75,summer_GRN_p95,summer_GRN_stdDev,summer_RED_p5,summer_RED_p25,summer_RED_p50,summer_RED_p75,summer_RED_p95,summer_RED_stdDev,summer_NIR_p5,summer_NIR_p25,summer_NIR_p50,summer_NIR_p75,summer_NIR_p95,summer_NIR_stdDev,summer_SW1_p5,summer_SW1_p25,summer_SW1_p50,summer_SW1_p75,summer_SW1_p95,summer_SW1_stdDev,summer_SW2_p5,summer_SW2_p25,summer_SW2_p50,summer_SW2_p75,summer_SW2_p95,summer_SW2_stdDev,summer_MDWI_p5,summer_MDWI_p25,summer_MDWI_p50,summer_MDWI_p75,summer_MDWI_p95,summer_MDWI_stdDev,summer_NBR_p5,summer_NBR_p25,summer_NBR_p50,summer_NBR_p75,summer_NBR_p95,summer_NBR_stdDev,summer_NDVI_p5,summer_NDVI_p25,summer_NDVI_p50,summer_NDVI_p75,summer_NDVI_p95,summer_NDVI_stdDev,autumn_BLU_p5,autumn_BLU_p25,autumn_BLU_p50,autumn_BLU_p75,autumn_BLU_p95,autumn_BLU_stdDev,autumn_GRN_p5,autumn_GRN_p25,autumn_GRN_p50,autumn_GRN_p75,autumn_GRN_p95,autumn_GRN_stdDev,autumn_RED_p5,autumn_RED_p25,autumn_RED_p50,autumn_RED_p75,autumn_RED_p95,autumn_RED_stdDev,autumn_NIR_p5,autumn_NIR_p25,autumn_NIR_p50,autumn_NIR_p75,autumn_NIR_p95,autumn_NIR_stdDev,autumn_SW1_p5,autumn_SW1_p25,autumn_SW1_p50,autumn_SW1_p75,autumn_SW1_p95,autumn_SW1_stdDev,autumn_SW2_p5,autumn_SW2_p25,autumn_SW2_p50,autumn_SW2_p75,autumn_SW2_p95,autumn_SW2_stdDev,autumn_MDWI_p5,autumn_MDWI_p25,autumn_MDWI_p50,autumn_MDWI_p75,autumn_MDWI_p95,autumn_MDWI_stdDev,autumn_NBR_p5,autumn_NBR_p25,autumn_NBR_p50,autumn_NBR_p75,autumn_NBR_p95,autumn_NBR_stdDev,autumn_NDVI_p5,autumn_NDVI_p25,autumn_NDVI_p50,autumn_NDVI_p75,autumn_NDVI_p95,autumn_NDVI_stdDev
453736,8,2018,"{""type"":""Point"",""coordinates"":[22.254873938430396,47.281993297293354]}",133.04403686523438,0.2005978226661682,0.265934185798676,-0.963991187108884,2843.0,87.0,284.0,8097.0,2997.0,2692.0,305.0,2928.0,2753.0,2943.0,2734.0,6109.0,810.0,310.0,279.0,2118.0,1017.0,2091.0,1158.0,304.6,437.0,620.0,868.0,1288.3999999999994,948.4652660024132,527.4,772.0,973.0,1312.0,2035.1999999999985,924.7319326863771,452.4,798.0,1141.0,1626.0,2696.5999999999976,1026.44398809648,1715.2,2372.0,3052.0,3509.0,4321.2,1010.1772744136048,1213.6,1795.0,2342.0,2988.0,3671.2,783.2865987109938,676.2,1090.0,1586.0,2436.0,3058.5999999999985,794.2298593996098,-4927.0,-4613.0,-4241.0,-3697.0,-2477.600000000001,2227.9326619012563,-325.4,657.0,2003.0,4908.0,7211.2,2470.472728770352,1391.4,2250.0,3501.0,5286.0,7536.2,2138.634484053264,365.9,432.75,609.0,1869.5,5931.7,2203.5370556347707,566.75,704.75,921.0,2268.75,5921.15,2106.097193599785,761.15,933.25,1129.5,2638.75,6270.2,2175.717562029185,1218.8,1661.5,2126.0,3305.0,6574.349999999999,1996.9304969683403,882.6,1199.25,1559.5,1725.25,2438.55,561.3050950438827,850.25,952.25,1108.0,1323.5,1988.3499999999992,445.7171110194847,-3942.4,-3804.25,-3493.0,-140.0,7311.799999999999,4649.279002496576,269.35,1178.5,2049.0,4676.5,7374.4,2644.540984903303,57.6,1541.0,2144.0,2664.0,3862.85,1277.1662289572523,243.4,366.5,738.0,958.5,1321.1,504.50982780477807,501.5,640.5,1170.0,1473.0,2114.8,608.6694311122503,362.3,585.0,1468.0,1869.0,2796.899999999999,806.4748820327366,1924.4,3114.0,3432.0,3861.5,4341.3,732.8266480077302,1322.8,1567.5,1970.0,3261.5,3791.9,955.5957236957256,575.7,850.0,1551.0,2775.5,3406.1,1072.293446914088,-4710.4,-4326.5,-3839.0,-3592.5,-2637.0000000000014,1470.42575139283,-322.8,440.0,1479.0,6208.0,7478.0,3033.8122467585613,1648.5,2253.0,3476.0,7073.5,8441.6,2611.667840168884,329.6,413.0,485.0,613.0,944.1999999999998,208.7644133026349,673.6,770.0,847.0,1002.0,1470.3999999999996,285.6828979701582,593.8,716.0,897.0,1182.0,1848.4,438.79536751668456,2302.6,2951.0,3212.0,3670.0,4144.599999999999,585.3547924599968,1721.8,2018.0,2329.0,2704.0,3761.199999999999,632.022556002613,905.8,1090.0,1435.0,1866.0,2990.199999999999,701.0840917365676,-4934.8,-4739.0,-4564.0,-4322.0,-3741.000000000001,350.3323613041368,494.4,2105.0,3072.0,5240.0,6017.599999999999,1933.321916130679,2654.6,3724.0,5009.0,6782.0,7318.2,1647.2579406240147,478.6,620.0,766.0,866.0,1039.7999999999995,176.19307591389622,676.2,911.0,1126.0,1274.0,1389.6,228.17314127653148,754.0,1053.0,1340.0,1565.0,1807.4,339.4169919140761,1761.2,2105.0,2414.0,2727.0,3457.2,565.9293157276799,1693.6,2401.0,2833.0,3044.0,3355.2,552.3032500357027,1058.2,1694.0,2123.0,2456.0,2676.2,516.0935512094682,-4925.4,-4622.0,-4475.0,-3769.0,-3051.0000000000005,595.0301504965946,-526.4,-128.0,725.0,1909.0,2927.399999999998,1185.0500073836547,1426.6,2021.0,2763.0,4010.0,4938.599999999999,1202.7074882946392
344418,1,2018,"{""type"":""Point"",""coordinates"":[10.999184304715985,44.94085376670794]}",14.107376098632812,0.101963423192501,-0.041676521756122,0.9991311563224876,2874.0,96.0,308.0,7780.0,3036.0,2726.0,310.0,2877.0,2790.0,2974.0,2772.0,6897.0,773.0,334.0,226.0,2100.0,1215.0,1751.0,1285.0,270.5,451.0,632.0,738.5,865.5999999999999,193.40374125715527,568.4,754.5,949.0,1086.0,1358.4,242.95753238995903,393.4,691.0,1019.0,1267.5,1595.6999999999998,392.25405810321377,1671.6,2357.0,3224.0,3657.5,4707.3,902.0260573403052,1496.1,1964.5,2485.0,3201.0,3664.0,712.825704399585,706.5,1070.5,1764.0,2059.0,2404.0,572.2144863621115,-5299.7,-4990.0,-4653.0,-4196.5,-3596.8,582.5335815485711,-382.9,937.0,2784.0,4753.0,7361.099999999999,2375.1301293649726,2217.9,3318.0,4793.0,6397.5,8397.4,1962.1725893124883,308.0,492.75,596.5,719.25,777.55,163.97122303462604,628.45,746.5,840.0,935.75,983.5,124.30597413886257,521.3,764.25,848.5,1021.5,1223.65,225.36239410710465,1557.15,1676.5,2020.0,2659.25,3150.95,600.11382701276,1538.6,1817.0,2098.0,2277.25,2548.6,316.7073107163095,740.15,1110.0,1289.0,1773.75,2013.0,427.5043786929591,-4527.4,-4402.0,-4279.5,-4141.75,-3597.5,287.8951255332141,-729.5,-281.5,1754.0,4535.75,5713.499999999999,2451.9058706973906,1932.25,2281.75,3753.0,5810.0,6620.45,1901.828457407492,258.25,317.25,421.0,733.0,956.75,284.50680101270905,514.0,573.75,724.5,1093.25,1421.75,341.72917405800587,330.25,416.5,598.5,1243.0,1593.25,477.561026491556,1999.0,2803.75,3629.0,4490.0,4896.5,984.7846406507052,1389.5,1589.25,1777.5,2483.75,3283.0,655.1871542548677,657.0,722.75,991.5,1997.75,2513.0,710.4404376051629,-4900.75,-4706.0,-4171.0,-3913.0,-3324.0,718.6513142953693,194.75,877.75,5729.0,7312.25,7573.25,3018.4889184145954,2521.5,3317.5,7179.5,8382.75,8721.5,2488.903885604092,379.05,500.0,672.0,775.0,852.4,160.77567963158398,669.35,861.0,1071.0,1200.0,1355.6,229.6335540834521,492.0,813.5,1138.5,1428.5,1800.6999999999996,419.265574406111,3197.8,3412.75,3603.0,3887.25,4549.5,437.11036618023854,1969.9,2451.0,3158.0,3516.5,3802.8,659.4616181782985,980.0,1313.5,1919.5,2136.0,2412.1,510.7643176736378,-5272.65,-5050.0,-4921.5,-4687.0,-4148.25,388.114507263384,1867.05,2520.0,2841.5,4694.5,6374.499999999998,1493.8446891211347,3642.05,4312.75,4963.5,6293.75,7845.049999999999,1389.677978041338,373.2,554.0,632.0,723.0,791.3999999999999,130.2839303100246,672.2,837.0,932.0,1041.0,1137.0,143.12760909460042,565.0,835.0,1062.0,1210.0,1354.1999999999998,258.5046682283287,1813.2,2034.0,2499.0,2943.0,3225.2,525.4450556812136,1752.8,2193.0,2613.0,3104.0,3463.6,568.702350841419,947.6,1348.0,1938.0,2115.0,2371.0,469.9451456845124,-5394.0,-5253.0,-4848.0,-4244.0,-3718.400000000001,577.2541670399977,-211.79999999999995,615.0,1079.0,2992.0,5154.2,1682.0431866653637,2358.8,2860.0,3771.0,5578.0,6729.599999999998,1498.9542815472546
732794,3,2015,"{""type"":""Point"",""coordinates"":[23.28287955439286,46.99594642381586]}",391.08978271484375,11.51919937133789,0.917060827394307,-0.3987473371182169,2824.0,91.0,305.0,7887.0,2972.0,2675.0,297.0,2908.0,2737.0,2922.0,2719.0,6430.0,940.0,287.0,373.0,2465.0,983.0,2457.0,1058.0,117.4,176.0,224.0,342.0,583.7999999999989,207.4792583582665,251.2,328.0,418.0,508.0,732.999999999999,168.6491124061096,157.8,209.0,301.0,470.0,778.0,217.3530898813409,813.2,1230.0,2679.0,3403.0,3743.4,1041.1461270202403,766.4,1191.0,1496.0,1644.0,2093.5999999999985,392.9706530952226,403.6,492.0,603.0,746.0,1425.3999999999994,310.3191757483755,-6489.0,-6035.0,-5713.0,-5084.0,-2685.6000000000035,1844.322381769714,-126.39999999999998,2226.0,6609.0,7020.0,7362.0,2809.546116117736,2194.4,3775.0,8133.0,8716.0,8948.2,2612.450988522127,132.75,204.0,358.0,582.5,1214.25,434.8971781416333,258.0,417.75,440.5,720.5,1058.25,309.3534476218999,270.0,391.25,484.0,706.5,942.25,255.3890822516369,665.5,802.25,994.5,1156.0,1419.75,290.2743912614791,417.75,651.5,778.0,854.25,1214.5,294.1001813441581,434.0,476.5,542.5,688.0,841.75,159.16099466333523,-5223.0,-3409.5,-2748.5,-1658.5,3601.75,3440.2585012692803,1020.75,1563.5,2334.0,3246.25,4268.25,1228.7991427948398,972.25,2043.5,2573.0,4130.75,5669.25,1778.632683333527,195.25,237.25,322.5,371.0,539.5,137.45158238448911,428.5,464.75,548.5,590.25,678.25,101.81938666089086,240.5,336.25,562.5,640.5,845.0,216.85031379675243,1120.0,1228.5,1658.0,3198.25,3733.25,1068.5126856406523,1528.25,1585.25,1714.5,1890.5,2203.5,236.9597803425721,666.0,743.0,1030.0,1288.0,1520.75,321.2968837383892,-6002.5,-5790.75,-5356.0,-4864.75,-4465.5,544.7825791944434,-189.0,-32.5,719.5,6145.5,6963.0,3184.567930244816,2375.0,3350.75,3791.5,8088.0,8780.25,2568.349572652397,100.0,172.5,190.0,211.0,316.6999999999998,76.75108395904834,264.4,323.5,355.0,409.5,484.7999999999999,75.23226258283964,167.6,200.5,250.0,280.0,351.6999999999998,73.00611846505286,2722.4,2994.0,3518.0,3626.0,3867.7,392.29595403923753,1241.4,1443.0,1518.0,1619.5,1687.2,142.11106767439176,443.8,562.5,583.0,605.0,684.8,70.03986166621277,-6763.5,-6318.0,-6202.0,-5811.5,-5474.000000000001,431.5626592847079,6688.3,6894.0,7071.0,7151.0,7425.4,241.16286797284712,8020.5,8471.5,8692.0,8843.5,8977.0,328.101705099027,116.35,159.75,183.0,234.75,300.79999999999995,63.754901772334335,243.85,279.25,327.5,334.0,391.1,51.56683904302152,129.55,173.0,208.0,332.75,393.69999999999993,95.34975820047416,1012.85,1764.25,2286.5,2584.5,2854.65,668.5610584598005,844.85,1037.75,1142.5,1296.0,1366.1,179.03832612662077,370.6,408.0,464.0,498.5,615.0999999999999,85.12915024961909,-6465.1,-6079.25,-5763.5,-5215.5,-4423.150000000001,698.9490722188244,2549.4,6035.0,6690.5,6990.75,7178.2,1638.553978021136,4243.05,7228.75,8322.5,8750.75,8975.2,1826.652486258828
462519,1,2018,"{""type"":""Point"",""coordinates"":[11.006662217182617,45.35541193254574]}",40.34695816040039,0.4491024911403656,-0.8370471071053203,-0.5471308257506741,2873.0,87.0,293.0,7581.0,3025.0,2728.0,297.0,2929.0,2792.0,2971.0,2775.0,8158.0,924.0,345.0,259.0,2564.0,1248.0,2287.0,1371.0,257.7,411.5,608.0,769.75,939.0,231.7272398071471,545.45,730.0,886.0,1046.75,1332.65,243.4797257758956,359.15,673.75,1039.0,1272.0,1609.55,391.9228350569194,1465.8,2076.5,2736.0,3300.75,4047.75,883.6155880560399,1332.6,1788.75,2251.0,2709.25,3379.3,637.0092474689411,669.55,1021.5,1573.0,2024.75,2440.4,592.9689011173416,-5091.7,-4718.25,-4375.5,-4067.25,-3076.3,633.712009516876,-1483.5,664.75,2473.5,4517.5,7040.1,2564.771627421904,1800.1,2433.0,4023.0,6020.0,8339.5,2138.6114488683465,262.2,467.0,608.0,835.0,875.8,201.02604820538784,548.6,746.0,860.0,958.0,1045.2,186.91185838834068,647.0,828.0,979.0,1121.0,1134.6,205.7914740621453,1399.4,1551.0,1843.0,2272.0,2555.0,531.3860435027332,1268.4,1871.0,2132.0,2468.0,2790.6,528.184177692596,864.4,1215.0,1531.0,1953.0,2380.4,532.3414458617365,-4877.0,-4719.0,-4290.0,-3959.0,-3263.000000000001,502.9079386608777,-1807.6,-1360.0,1869.0,2785.0,3677.2,2045.376536770195,1591.0,2004.0,3777.0,4407.0,5226.799999999999,1270.982279504988,205.2,318.0,407.0,666.0,886.4,240.82809475792573,476.2,586.0,733.0,899.0,1345.4,267.1292490009644,330.8,389.0,594.0,1170.0,1591.6,463.0279112658082,1700.0,2892.0,3477.0,3791.0,4333.199999999999,864.1093618856668,1127.8,1400.0,1782.0,2198.0,3198.8,654.3938168554502,520.2,692.0,969.0,1912.0,2449.9999999999995,693.8387796029106,-4624.6,-4395.0,-4174.0,-3911.0,-3488.2000000000003,389.2786432222625,-545.6,1367.0,5451.0,6915.0,7682.2,2979.9944728579567,1695.6,3098.0,7051.0,8092.0,8497.4,2588.459528384254,335.5,433.0,614.0,750.5,968.7,210.0828444074672,591.0,799.0,965.0,1098.0,1353.8,232.0714558651411,430.2,708.0,1104.0,1318.0,1671.3,409.2438938207014,2439.6,2793.0,3066.0,3303.5,4412.099999999999,575.600000638927,1685.9,2212.0,2620.0,3048.5,3467.4,596.2776448482774,812.2,1174.5,1661.0,2005.5,2572.4,537.7991798199724,-5300.0,-4909.0,-4631.0,-4377.0,-4119.8,429.7237934645359,796.4,1853.0,2855.0,4532.5,6445.399999999999,1749.6715646370644,2688.6,3690.5,4804.0,6369.5,8192.3,1695.24577190147,382.8,549.0,645.0,783.0,1077.3999999999994,241.303603891222,637.2,792.0,963.0,1129.0,1329.9999999999998,232.775657103215,841.4,1005.0,1202.0,1442.0,1599.0,294.5951614602096,1423.8,1721.0,2126.0,2622.0,3820.2,813.7222719028435,1548.2,2041.0,2232.0,2640.0,3177.3999999999987,502.58380670154975,929.6,1386.0,1838.0,2139.0,2406.4,498.1774010820547,-5153.4,-4688.0,-4216.0,-3863.0,-2575.4000000000005,932.3626771338756,-752.4,-64.0,470.0,1883.0,5357.4,2153.98863544289,1816.2,2127.0,2324.0,3672.0,4897.199999999999,1453.8140407770602
9423,4,2015,"{""type"":""Point"",""coordinates"":[32.57425491024539,35.0328739171849]}",469.3628540039063,34.01462936401367,0.9070481796574602,0.4210268397383802,2896.0,65.0,281.0,5968.0,3019.0,2788.0,231.0,2824.0,2973.0,2973.0,2824.0,9259.0,1937.0,50.0,894.0,5350.0,211.0,211.0,5350.0,44.0,142.75,223.5,289.25,408.5,109.11513692213528,141.75,286.0,409.0,529.25,619.75,156.2710952887669,92.25,234.0,356.0,516.5,657.75,180.76954098068288,682.5,1181.0,1611.5,1862.5,2106.25,455.6813541717418,286.0,527.75,1030.5,1418.0,1677.25,471.952180550788,132.75,268.75,566.0,787.0,975.5,281.35469206804146,-5093.25,-4802.0,-4182.0,-3405.5,-824.5,1254.5683871431766,3621.0,4169.25,4809.0,6075.0,6980.25,1126.5666876532891,4864.0,5638.0,6168.5,6773.0,7902.25,941.1068185394176,25.4,44.0,77.0,179.0,247.0,84.7957546107115,108.0,126.0,184.0,253.0,290.0,63.65788560736211,60.8,93.0,126.0,198.0,245.0,62.1578635411482,607.4,697.0,830.0,956.0,1230.5999999999997,199.83847077077024,229.6,287.0,323.0,467.0,567.7999999999998,116.2236189421066,104.8,129.0,163.0,247.0,277.4,62.94243719463046,-5040.8,-4378.0,-3406.0,-2188.0,-298.60000000000065,1527.663912776629,5928.8,6338.0,6539.0,6987.0,7156.4,460.07260296609707,5596.8,6820.0,7545.0,7888.0,8456.8,1003.1245394266856,142.8,192.0,220.0,239.5,379.1,70.45729645550222,280.3,350.0,408.0,449.5,579.0999999999999,131.23820677956002,206.3,303.0,348.0,412.5,531.8999999999999,139.13138586631445,1424.8,1587.0,1703.0,1810.5,2063.8,199.6435576083485,794.7,907.5,1136.0,1280.0,1463.9,217.9746521050153,424.0,545.0,630.0,734.0,851.3,143.18343886239515,-5199.8,-4987.0,-4859.0,-4507.0,-2681.800000000001,747.6584266049209,4139.7,4410.0,4605.0,4860.0,5751.999999999999,510.9545461233893,5487.5,6432.0,6588.0,6855.0,7485.4,738.6812752906549,201.7,228.0,287.0,372.5,425.5,78.58894465649874,456.35,497.25,536.0,585.25,677.0,70.69907619622762,457.2,498.5,543.5,596.75,677.6,75.95333911173505,1694.4,1785.0,1895.0,2054.25,2177.4,156.21692983369846,1200.45,1388.0,1452.0,1634.75,1728.0,164.0483591789493,636.4,757.25,817.0,948.25,1007.75,119.89474550621476,-5075.5,-4909.5,-4684.5,-4295.25,-3924.750000000001,402.8052279319443,3461.15,3708.25,3954.0,4272.5,4600.5,366.0767929218844,4830.05,5172.25,5635.0,5822.25,6054.55,421.2733673044144,68.25,118.75,161.5,257.25,376.0499999999999,98.6134372182615,219.9,315.0,365.0,407.0,528.9499999999999,95.29794069128673,150.35,241.75,298.5,346.25,493.05,102.63084331720168,729.6,1057.5,1360.0,1529.0,1690.2499999999998,305.3411862163373,316.55,469.5,765.0,900.75,1123.65,257.3830498983956,156.45,244.0,375.5,468.5,581.4999999999999,140.7755660617282,-4171.3,-3851.75,-3506.0,-2646.5,-370.6000000000008,1187.3269179126698,4774.9,5174.0,5646.5,6293.75,6747.499999999999,665.1526347388244,5153.85,5904.5,6346.0,6682.5,7206.099999999999,724.3267628460238
378038,1,2018,"{""type"":""Point"",""coordinates"":[11.098938854382624,44.867733427633524]}",19.33587646484375,0.1704727262258529,0.5345765474042418,-0.845120059497679,2875.0,97.0,309.0,7804.0,3039.0,2727.0,312.0,2879.0,2791.0,2976.0,2774.0,6554.0,706.0,330.0,217.0,1974.0,1191.0,1637.0,1255.0,268.05,419.25,596.0,747.75,1059.1999999999998,227.43554036593648,478.1,700.25,881.5,1088.5,1509.849999999999,301.9606381932888,332.45,643.75,977.5,1309.75,1786.3999999999985,469.1774156511386,1553.2,2067.25,2692.0,3656.5,4586.9,979.964610896534,1428.3,1924.5,2564.5,3068.5,3797.95,743.9256103287203,728.7,1078.5,1771.0,2378.25,2758.749999999998,736.8405164205459,-5600.05,-5159.75,-4696.5,-4250.5,-3804.55,580.3275581007512,-974.0,-116.25,1626.5,4480.25,7185.749999999999,2838.902728651241,1861.6,2810.75,3905.5,5966.25,8468.149999999998,2163.460759985521,361.15,538.5,571.0,624.0,1009.9999999999998,176.1240640866921,596.2,686.75,779.5,852.25,1414.8499999999997,230.67221654894485,582.65,701.0,837.0,974.5,1653.2499999999998,301.8943941291583,1423.7,1579.5,1821.5,2105.0,2475.05,391.3951022088267,1513.65,1811.5,2102.5,2295.75,3248.55,478.8448134541094,1021.05,1223.25,1563.0,1836.5,2919.8499999999995,544.2510814591197,-5134.65,-4812.5,-4367.5,-4040.5,-3844.3,434.20309830597984,-960.45,-218.0,779.0,1320.5,3412.55,1585.4512093376077,1848.8,2670.25,3509.0,4064.5,5936.4,1313.5726573102295,231.0,457.0,715.0,815.0,1158.2,272.26249639091884,455.2,771.0,1100.0,1235.0,1688.3,369.3455711006055,281.1,759.5,1312.0,1477.0,1960.0,516.193557448865,2232.4,2454.0,2686.0,3172.0,4121.8,656.8767853342902,1226.0,2226.0,2766.0,3053.0,3816.1,769.2089482290656,525.1,1385.0,2350.0,2619.0,3300.4,867.4268287037281,-5268.0,-4636.5,-4331.0,-4176.0,-3820.0,448.06827571054026,-854.8,-259.5,336.0,3076.0,7880.2,2914.777918727375,2123.9,2486.0,3049.0,5738.5,8706.4,2333.362444850731,260.9,337.0,486.0,669.5,1003.9999999999992,226.66297274615465,487.4,640.0,889.0,1043.5,1542.599999999999,306.76769433696643,338.1,507.5,957.0,1278.0,2139.399999999997,539.2911003353014,2437.7,3312.0,3736.0,4378.0,4687.2,707.1449767252406,1584.5,1896.0,2283.0,3125.5,4074.599999999998,808.3774218358633,652.7,858.5,1151.0,2019.5,2617.9,662.2106187432205,-5614.9,-5241.5,-4995.0,-4502.5,-3844.6,554.4202213138697,476.0000000000002,2815.5,4485.0,6656.5,7459.399999999998,2315.0868268478125,2754.7,4274.0,5919.0,7751.5,8592.499999999998,1987.9092939057207,370.6,571.25,659.5,725.5,827.05,164.2887311719299,604.45,808.0,922.0,1031.25,1245.6,196.12007727599897,658.0,897.25,1115.5,1289.0,1623.9,293.77999583091633,1452.3,1856.75,2039.5,2317.0,3053.4,480.3356716276823,1426.6,2652.75,2786.0,3099.0,3539.9,625.7621534794771,988.65,2071.25,2266.5,2465.5,2716.35,512.8493084943573,-5874.1,-5367.25,-5061.0,-4392.0,-3828.75,651.9929856262145,-1261.65,-842.75,-400.0,689.75,1747.7499999999998,1062.5781536642978,1634.4,2670.75,3236.0,3633.5,4159.849999999999,835.8042064309101
254181,4,2018,"{""type"":""Point"",""coordinates"":[32.57425491024539,35.0328739171849]}",469.3628540039063,34.01462936401367,0.9070481796574602,0.4210268397383802,2896.0,65.0,281.0,5968.0,3019.0,2788.0,231.0,2824.0,2973.0,2973.0,2824.0,9259.0,1937.0,50.0,894.0,5350.0,211.0,211.0,5350.0,70.8,148.0,218.0,320.0,414.0,110.12200512610292,149.9,314.0,453.0,527.5,660.6999999999999,150.15071683376843,107.0,261.5,429.0,504.0,623.5,166.28210795266529,745.2,1211.5,1705.0,1857.0,2078.0,441.9434340163188,318.8,623.0,1131.0,1404.5,1681.5,457.4069680089767,162.4,326.0,619.0,779.5,939.2,265.13452209826664,-5105.6,-4837.5,-4241.0,-3658.5,-1589.0000000000016,1114.4221547200443,3687.2,4066.0,4655.0,5660.5,6757.0,1050.62086365086,5109.9,5662.0,6110.0,6702.0,7618.9,782.1401415635974,28.8,74.5,111.0,163.5,267.29999999999967,90.50810710385863,114.2,149.5,195.0,237.0,477.6999999999995,137.87354196294226,80.8,103.0,126.0,197.5,467.8999999999996,142.30011981626365,499.9,699.5,805.0,1029.5,1392.6999999999991,312.4336694146991,199.1,290.5,367.0,575.5,753.8999999999994,218.70918218307875,96.1,131.5,195.0,310.0,504.4999999999997,150.66625809928345,-4557.4,-4069.0,-3305.0,-2178.5,-725.1000000000031,1427.3244869810558,4507.1,5607.5,6344.0,6777.0,7134.7,1030.0811871292292,4579.9,6342.0,7163.0,7504.5,7858.799999999999,1042.5789619816617,156.35,221.25,262.0,317.5,517.0999999999999,105.6647525457546,314.8,401.0,455.5,513.25,672.1,118.00652494907033,280.5,348.5,428.5,488.25,633.0999999999999,121.6439191063637,1402.5,1642.5,1724.5,1878.25,2087.25,202.105308083572,836.1,1022.75,1182.5,1336.25,1574.0499999999995,238.2757178319548,433.7,566.25,709.5,786.75,916.05,158.62322146800855,-5091.2,-4886.25,-4545.5,-3850.5,-3100.150000000001,655.4790855528666,3882.0,4079.75,4311.5,4911.0,5447.199999999999,523.71931095451,4782.7,5598.75,6130.0,6694.5,6979.3,697.6103656212558,189.9,215.0,266.0,348.0,412.65,78.63292162724443,437.15,469.5,536.5,575.0,655.0500000000001,68.66601933084371,416.75,468.0,514.0,570.25,627.25,71.99702631026271,1715.25,1796.0,1861.0,2037.25,2093.8,132.42572181234527,1244.9,1361.0,1418.0,1652.25,1702.9,163.25638964625728,631.05,730.5,781.5,912.5,964.8,108.72932500343448,-5135.75,-4984.75,-4799.0,-4514.75,-4061.95,351.86671617306064,3598.1,3771.0,4035.5,4250.0,4755.35,353.07100388022764,5123.25,5526.0,5739.0,5949.25,6274.35,348.4577376641485,70.65,100.0,150.0,202.25,340.9,92.06171503399229,196.1,282.25,377.5,458.5,516.6,110.80767050953648,122.65,205.75,297.0,384.75,461.35,117.3875750385768,830.0,1027.25,1396.0,1652.25,1800.3,333.57455594664293,349.25,459.0,728.5,1029.0,1185.9,304.78264379872013,174.1,227.0,367.0,532.25,627.75,161.97211131472602,-4471.8,-3945.25,-3692.5,-2816.75,-1259.6,1030.62178924227,4678.1,5146.75,5789.5,6472.25,6702.7,713.0900079057342,5514.45,6095.75,6327.5,6854.25,7654.45,670.7096805518297
499193,4,2018,"{""type"":""Point"",""coordinates"":[-4.577512481920133,36.59927139434042]}",372.0457458496094,23.82353782653809,-0.9974811558077796,0.0709319660546349,2898.0,61.0,325.0,4407.0,2996.0,2810.0,186.0,2855.0,2957.0,2958.0,2847.0,7421.0,1436.0,11.0,721.0,3626.0,188.0,413.0,3270.0,391.5,425.25,464.5,560.75,694.5,110.34282186859598,687.0,733.5,819.0,886.25,1002.75,102.75045327093656,707.25,798.25,926.5,1004.75,1104.0,137.36919147261594,2059.5,2169.75,2281.5,2458.25,2742.0,205.869231542423,1858.75,1960.25,2028.0,2110.0,2273.25,130.36838741465758,1189.5,1246.0,1288.0,1356.5,1426.5,84.58561552919993,-4897.25,-4510.75,-4303.5,-4021.5,-3621.25,395.7319939873417,2280.25,2505.5,2705.0,3180.25,3590.5,422.60952959998855,3407.5,3818.25,4357.5,4796.0,5708.0,714.5112016939896,387.15,402.5,416.0,483.25,594.5,80.79907051395062,679.75,693.75,728.0,801.75,906.9,79.62376452762719,675.15,736.25,782.5,867.75,971.9,96.340303516403,2285.8,2471.5,2593.5,2717.5,2765.2,162.94616927572324,1948.45,2022.75,2044.5,2104.5,2284.8,120.36884216135546,1212.7,1244.75,1262.0,1285.25,1440.05,87.13606530909587,-5042.0,-4897.25,-4687.5,-4429.25,-4240.75,271.5473424352989,2917.7,3027.25,3342.0,3590.5,3674.5,283.2705942942838,4666.4,5000.5,5103.0,5601.5,5854.0,416.2876078494045,386.0,419.0,443.0,516.0,578.0,70.15652143600052,686.5,721.75,738.5,791.25,855.5,60.53869501195083,740.0,784.5,816.5,879.5,972.25,83.60414070935721,1997.75,2107.5,2180.5,2251.75,2351.25,114.5538731067178,1808.25,1890.25,1918.0,1989.0,2075.75,99.71772660866272,1166.75,1211.0,1246.0,1294.25,1379.25,75.69428644224081,-4632.25,-4523.75,-4441.5,-4304.5,-3934.75,227.2105215295938,2292.25,2531.75,2669.5,2842.5,3093.75,265.6754878488981,3921.5,4280.75,4516.5,4706.75,4909.5,360.7287545719082,426.0,456.0,545.0,643.0,727.0,130.29450332370848,783.0,836.0,878.0,910.0,1038.0,101.04696826683306,905.0,954.0,1008.0,1078.0,1195.0,111.16295162534573,2046.0,2138.0,2195.0,2263.0,2370.0,91.71379122647689,1955.0,2009.0,2026.0,2098.0,2249.0,92.76200254223848,1260.0,1282.0,1324.0,1360.0,1481.0,65.37899279135996,-4429.0,-4217.0,-4008.0,-3823.0,-3378.0,361.5821243549814,2241.0,2368.0,2476.0,2560.0,2700.0,150.69188880452035,2999.0,3484.0,3705.0,3894.0,4123.0,390.6502921970632,406.9,437.0,496.0,601.0,691.8,100.74420854597824,725.4,827.5,858.0,908.5,950.2,75.26209020630654,730.0,902.5,945.0,1026.5,1053.1999999999998,114.91415153157692,2166.5,2322.5,2405.0,2532.0,2643.6,163.60521589077368,1856.4,2008.0,2101.0,2175.0,2284.3,150.4741247597813,1143.4,1229.5,1321.0,1369.0,1408.8,92.4465010454996,-4576.3,-4318.5,-4166.0,-4047.5,-3591.1000000000004,297.95446333663506,2466.0,2727.5,2927.0,3294.5,3488.9,368.6882814640152,3680.8,4139.5,4537.0,4665.5,5345.299999999999,539.6924391622407
328792,1,2018,"{""type"":""Point"",""coordinates"":[11.076451607770094,45.01220830176517]}",11.506827354431152,0.094332754611969,-0.3286139593195038,0.9444643274048836,2874.0,95.0,306.0,7769.0,3035.0,2727.0,308.0,2931.0,2791.0,2975.0,2773.0,7176.0,803.0,336.0,235.0,2206.0,1225.0,1873.0,1304.0,243.0,383.75,622.5,765.0,920.65,226.7393299039365,434.55,634.5,913.5,1091.75,1379.65,297.09461051364417,327.35,601.25,1033.0,1278.25,1639.7499999999998,430.17413650883736,1063.3,1457.0,1847.5,2909.5,3886.5,955.1350995894466,1039.45,1462.0,1867.5,2335.0,3722.2,775.0789743169402,513.4,805.5,1497.0,1929.25,2555.2,649.7754960787382,-5466.6,-4242.75,-3467.0,-3278.0,-2557.4500000000003,850.3577738736849,-847.7,-457.25,482.5,4033.25,7452.8,2939.486873344393,1136.2,1446.75,2513.0,5956.25,8313.9,2578.977774281262,293.2,462.0,599.0,681.0,787.4,173.14278038659307,492.2,655.0,800.0,908.0,1008.0,182.58360934103587,454.2,720.0,921.0,1041.0,1172.0,249.85273742746944,910.8,1101.0,1314.0,1572.0,1764.6,280.8901735554307,947.6,1305.0,1628.0,1840.0,1996.0,349.78614266434283,686.4,1029.0,1301.0,1511.0,1745.4,366.0510259513009,-3768.4,-3520.0,-3386.0,-3049.0,-2484.0000000000014,410.8423541944039,-1034.6,-734.0,-263.0,1599.0,3707.399999999996,1533.1779022670526,949.0,1263.0,1592.0,3219.0,5563.9999999999945,1521.3414470131286,219.75,288.25,711.0,845.5,1036.5,310.09063849402594,411.4,572.25,1035.5,1217.0,1531.3,393.92471018700815,241.25,424.5,1185.5,1398.5,1683.1,529.3513454585484,1696.45,1848.25,2564.5,3118.5,3897.25,805.7215646834322,1000.9,1243.0,2190.5,2441.0,2865.5999999999995,640.1085247591909,470.85,581.5,1790.5,1987.75,2302.15,701.9323765324476,-4516.55,-3903.5,-3460.0,-3272.25,-2611.5,559.0794867002185,-709.5,-220.5,1487.5,6797.25,7902.849999999999,3359.133481826004,1328.35,1576.5,2700.0,7956.0,8730.35,2964.5809835731025,259.15,336.25,599.0,770.25,920.65,227.95549600998223,451.85,613.5,936.0,1143.75,1371.7,312.41815043806355,358.55,490.5,1087.5,1359.5,1796.4500000000005,510.1532888252056,1596.5,2380.0,2870.5,3528.25,4057.85,763.2039505562246,1314.55,1600.5,2068.0,3217.0,4141.35,960.940257890956,584.75,768.75,1532.5,2407.25,2713.2,803.9539848859818,-5687.6,-5170.25,-4583.5,-3882.25,-3164.85,876.7900096798435,-553.65,12.75,2352.5,6240.0,7340.150000000001,3109.5007740042547,1275.1,2798.75,3475.5,7453.75,8300.05,2522.878605616546,332.0,558.0,648.0,704.0,821.6,146.344427150557,506.2,719.0,929.0,1013.0,1179.4,199.3702912460883,581.4,834.5,1075.0,1182.5,1365.8,245.856148065974,771.8,1245.5,1454.0,1552.0,1825.7,298.7707095748558,1020.0,1402.0,1875.0,2024.0,2374.4,447.5132509092541,731.6,1079.5,1572.0,1723.5,2042.6,444.9423599790244,-3605.4,-3444.5,-3329.0,-3238.5,-2392.0,373.0740317901517,-904.0,-561.0,-385.0,245.0,1309.3999999999996,888.8140122784388,969.7,1283.0,1473.0,1731.5,2163.0,505.3285394519456
275154,3,2018,"{""type"":""Point"",""coordinates"":[22.685538377273247,47.06822399279116]}",668.0736083984375,28.152767181396484,-0.2230572564902935,0.9748053448391752,2810.0,87.0,307.0,7421.0,2952.0,2668.0,284.0,2889.0,2726.0,2903.0,2711.0,9600.0,1288.0,480.0,300.0,3417.0,1602.0,3387.0,1748.0,140.0,196.0,249.0,342.0,625.0,735.7320238084627,429.0,474.0,537.0,619.0,877.0,772.4067052063847,280.0,322.0,369.0,893.0,1135.0,891.6041752789738,2376.0,3140.0,4035.0,4553.0,5031.0,975.3247545204804,1718.0,2032.0,2199.0,2383.0,3185.0,489.4155386484704,782.0,869.0,981.0,1278.0,2107.0,419.8179869492069,-6630.0,-6397.0,-6160.0,-5959.0,-4098.0,2082.4835525982544,1047.0,4874.0,6321.0,6638.0,7033.0,2013.5863443463595,3621.0,5581.0,8347.0,8624.0,8837.0,2048.943389449426,312.6,359.0,396.0,4258.0,4396.4,1956.9168607787096,568.0,628.0,633.0,4710.0,4904.4,2072.3361310366618,924.0,976.0,1022.0,5263.0,5284.6,2110.2208983895503,2606.8,2806.0,3017.0,6446.0,6658.0,1861.941846567717,1294.0,2162.0,2814.0,2942.0,2975.6,722.9247263719785,936.0,1512.0,1626.0,1704.0,1715.2,346.9994812676238,-6676.0,-6520.0,-6456.0,3921.0,5804.2,5761.951440267438,2260.8,2404.0,2780.0,6321.0,7511.4,2306.861885766029,1044.0,1184.0,4471.0,4936.0,5063.2,1843.2739351490868,170.35,248.5,332.0,480.0,615.25,153.00381814630293,486.3,538.5,641.0,740.5,905.2,148.92464880068766,322.8,364.25,685.0,1040.25,1143.75,338.54116802684365,2363.35,2639.25,3966.0,4485.75,4819.9,991.9337972683788,2113.75,2332.0,2437.5,3125.25,3447.6,487.0425116591623,952.7,1067.25,1229.0,2056.25,2225.2,514.3957868317003,-6481.45,-6395.5,-6206.5,-5943.25,-5105.500000000001,594.2717761071538,524.45,1102.25,5253.0,6192.25,6570.2,2576.176394645081,3618.2,4262.0,7033.0,8533.5,8666.7,2128.217995585672,156.15,192.75,221.5,252.5,307.35,54.75607272257571,409.0,450.25,481.0,540.75,562.1,57.38153012947633,264.8,287.0,320.0,338.75,359.0,48.66649257959731,3790.3,4251.5,4580.5,4777.75,5032.15,390.5175380184608,1694.85,2004.25,2175.0,2213.0,2299.6,239.0922991231629,768.65,824.0,894.0,953.75,997.5,107.83249742076828,-6585.35,-6372.25,-6159.0,-6053.25,-5814.45,252.29992072927809,6491.9,6608.25,6712.5,6800.25,7058.5,238.60835588889168,8409.6,8581.0,8745.0,8810.0,8871.800000000001,189.86642673205813,132.4,193.0,235.0,306.75,529.1,159.815777208097,429.25,465.0,534.0,576.0,867.4499999999999,138.76379389404056,301.05,341.25,501.0,782.75,958.8,252.1741699371113,2380.4,3049.25,3435.5,3985.75,4207.4,638.8048257268418,1822.75,2031.25,2158.5,2243.75,2963.5,440.06391346471975,777.35,875.75,982.0,1137.0,1625.5499999999995,315.58902032875943,-6734.45,-6382.5,-6172.5,-6018.75,-4389.3,755.8922441133682,2302.05,4813.25,5711.0,6343.0,6757.05,1536.368394963045,4432.25,5740.5,7418.5,8273.25,8596.7,1455.3624133294882
